Species,Code,Avg Density,High,Moderate,Low,Absent
Burning Bush,BB,0.37814913033304737,3137,4152,1678,42317
Oriental Bittersweet,OB,0.5369315965993292,4417,5812,2661,38394
Japanese Knotweed,JK,0.20134934872474847,2654,1059,246,47325
Norway Maple,NM,0.045725762421028,227,675,314,50068
Other Invasives,O,0.017373839794087825,278,20,17,50969
